Category,Number,Mean Value,Standard Deviation
Overall,55,0.531248285,0.394723916
True Positive,32,0.776630977,0.261990831
True Negative,23,0.18984628,0.277045845
