Category,N,Mean,Median,Std,Min,Max,Q1,Q3
True Vulnerabilities,32,0.6614988832812501,0.8,0.21987418791379965,0.245032632,0.938387895,0.53069876325,0.8045725
Secure Implementations,23,0.21087281239130432,0.071950526,0.2623334121569948,0.024703684,0.954540526,0.0464176845,0.158751895
