Category,N,Mean,Median,Std,Min,Max,Q1,Q3
True Vulnerabilities,32,0.7766309766057826,0.8536800394736842,0.2619908314810672,0.2450326315789474,1.0,0.5597257368421052,1.0
Secure Implementations,23,0.18984628020594965,0.0719505263157894,0.2770458450783427,0.0255605263157894,1.0,0.055555789473684156,0.12206543684210525
