Category,N,Mean,Std
Overall,55,0.47305525358851674,0.32605703656838736
True Positive,32,0.6614988832236843,0.21987418793220412
True Negative,23,0.21087281235697938,0.26233341221565104
