Category,N,Mean,Std
Overall,55,0.5458855286602871,0.3881137420143106
True Positive,32,0.7895022351973685,0.24488097446704543
True Negative,23,0.20694054565217393,0.2816368894559593
