Category,N,Mean,Std
Overall,55,0.5312482853840341,0.39472391562950726
True Positive,32,0.7766309766057826,0.2619908314810672
True Negative,23,0.18984628020594968,0.2770458450783426
